Name,Country,Market Value
ICBC,China,229.805
China Construction Bank,China,200.458
Berkshire Hathaway,United States,409.908
JPMorgan Chase,United States,306.616
Wells Fargo,United States,274.385
Agricultural Bank of China,China,149.229
Bank of America,United States,231.876
Bank of China,China,141.321
Apple,United States,752.039
Toyota Motor,Japan,171.85
AT&T,United States,249.286
Citigroup,United States,164.316
ExxonMobil,United States,343.165
General Electric,United States,261.174
Samsung Electronics,South Korea,254.303
Ping An Insurance Group,China,100.811
Wal-Mart Stores,United States,221.106
Verizon Communications,United States,198.352
Microsoft,United States,507.544
Royal Dutch Shell,Netherlands,228.793
Allianz,Germany,83.721
China Mobile,Hong Kong,225.308
BNP Paribas,France,80.499
Alphabet,United States,579.499
China Petroleum & Chemical,China,105.122
Total,France,128.122
AXA Group,France,60.77
Daimler,Germany,76.099
Volkswagen Group,Germany,72.941
Mitsubishi UFJ Financial,Japan,83.858
Comcast,United States,193.528
Johnson & Johnson,United States,338.644
Banco Santander,Spain,89.409
Bank of Communications,China,62.164
Nestle,Switzerland,229.485
UnitedHealth Group,United States,160.185
Nippon Telegraph & Tel,Japan,92.23
ItaÃº Unibanco Holding,Brazil,79.208
Softbank,Japan,78.632
Gazprom,Russia,51.815
General Motors,United States,50.792
China Merchants Bank,China,66.376
IBM,United States,162.365
Royal Bank of Canada,Canada,107.205
Japan Post Holdings,Japan,55.145
Procter & Gamble,United States,228.115
Pfizer,United States,203.07
HSBC Holdings,United Kingdom,162.638
Goldman Sachs Group,United States,90.648
Siemens,Germany,109.773
BMW Group,Germany,57.732
China Life Insurance,China,98.104
ING Group,Netherlands,57.932
Intel,United States,170.35
Postal Savings Bank Of China,China,55.157
Sberbank,Russia,63.903
TD Bank Group,Canada,92.001
Cisco Systems,United States,165.059
Commonwealth Bank,Australia,109.902
Morgan Stanley,United States,78.286
Novartis,Switzerland,193.163
Banco Bradesco,Brazil,53.511
Industrial Bank,China,45.126
Ford Motor,United States,44.718
Shanghai Pudong Development,China,50.451
CVS Health,United States,79.839
Walt Disney,United States,178.017
Prudential,United Kingdom,53.669
Prudential Financial,United States,45.559
Oracle,United States,182.239
China State Construction Engineering,China,43.181
Citic Pacific,Hong Kong,41.408
Boeing,United States,108.756
Honda Motor,Japan,51.382
China Minsheng Banking,China,43.653
Westpac Banking Group,Australia,86.067
Deutsche Telekom,Germany,80.001
China Citic Bank,China,43.117
Roche Holding,Switzerland,219.267
UBS,Switzerland,59.983
Bank of Nova Scotia,Canada,70.479
Rosneft,Russia,62.376
Amazon.com,United States,427.011
PepsiCo,United States,159.406
Sumitomo Mitsui Financial,Japan,48.067
Coca-Cola,United States,182.883
United Technologies,United States,90.583
Sanofi,France,116.109
Bayer,Germany,94.382
Mizuho Financial,Japan,44.429
Zurich Insurance Group,Switzerland,40
ANZ,Australia,68.836
BASF,Germany,90.952
Walgreens Boots Alliance,United States,88.995
Nissan Motor,Japan,38.372
US Bancorp,United States,86.608
American Express,United States,70.092
Hon Hai Precision,Taiwan,54.375
Enel,Italy,47.494
Merck,United States,173.328
National Australia Bank,Australia,65.024
PetroChina,China,204.477
Unilever,Netherlands,143.891
Hyundai Motor,South Korea,34.221
BBVA-Banco Bilbao Vizcaya,Spain,49.646
Reliance Industries,India,71.165
Charter Communications,United States,101.619
SAIC Motor,China,43.491
Chubb,Switzerland,64.031
TelefÃ³nica,Spain,55.893
AIA Group,Hong Kong,77.076
SociÃ©tÃ© GÃ©nÃ©rale,France,39.893
Dow Chemical,United States,77.033
Home Depot,United States,176.728
Lloyds Banking Group,United Kingdom,55.869
Medtronic,Ireland,110.017
Kraft Heinz Company,United States,110.395
Saudi Basic Industries,Saudi Arabia,80.696
Facebook,United States,407.3
Munich Re,Germany,30.461
Intesa Sanpaolo,Italy,45.265
Barclays,United Kingdom,45.427
Rio Tinto,United Kingdom,72.901
BHP Billiton,Australia,98.308
CK Hutchison,Hong Kong,47.389
Anheuser-Busch InBev,Belgium,213.102
Taiwan Semiconductor,Taiwan,161.734
Capital One Financial,United States,40.325
LukOil,Russia,44.57
Swiss Re,Switzerland,32.12
Amgen,United States,120.322
Banco do Brasil,Brazil,29.044
Bank of Montreal,Canada,48.552
Gilead Sciences,United States,87.036
China Communications Construction,China,38.839
Honeywell International,United States,94.594
Manulife,Canada,34.377
Korea Electric Power,South Korea,25.493
Generali Group,Italy,23.711
Alibaba,China,264.865
KDDI,Japan,68.324
China Telecom,China,40.414
AbbVie,United States,104.466
Tokio Marine Holdings,Japan,30.563
Iberdrola,Spain,46.426
EDF,France,23.26
PNC Financial Services,United States,57.935
Tencent Holdings,China,277.122
Allergan,Ireland,80.068
China Everbright Bank,China,26.791
Credit Agricole,France,36.512
Lockheed Martin,United States,78.319
Time Warner,United States,76.241
Duke Energy,United States,57.55
Anthem,United States,44.046
Vale,Brazil,45.403
Nordea Bank,Sweden,45.411
Express Scripts,United States,39.927
United Parcel Service,United States,91.344
Aetna,United States,45.144
China Shenhua Energy,China,54.095
VINCI,France,43.568
Bank of New York Mellon,United States,48.83
Renault,France,24.586
China Railway Group,China,29.633
AIRBUS,France,59.472
China Railway Construction,China,26.469
China Vanke,China,30.546
Jardine Matheson,Hong Kong,47.648
Qualcomm,United States,83.187
Hewlett Packard Enterprise,United States,30.433
British American Tobacco,United Kingdom,123.765
Visa,United States,206.396
China Pacific Insurance,China,33.472
MetLife,United States,57.201
AstraZeneca,United Kingdom,75.178
Altria Group,United States,138.81
SAP,Germany,119.722
Costco Wholesale,United States,74.892
Travelers,United States,33.58
Philip Morris International,United States,176.221
Union Pacific,United States,86.811
Delta Air Lines,United States,33.009
Southern Company,United States,49.287
Lowe's,United States,71.133
National Grid,United Kingdom,47.978
Legal & General Group,United Kingdom,18.176
McKesson,United States,30.517
Christian Dior,France,42.741
PTT PCL,Thailand,32.363
Dai-ichi Life Insurance,Japan,19.869
Twenty-First Century Fox,United States,57.505
Canadian Imperial Bank,Canada,34.489
FedEx,United States,52.312
GlaxoSmithKline,United Kingdom,99.751
Deutsche Post,Germany,40.953
3M,United States,113.537
L'OrÃ©al Group,France,107.454
Aflac,United States,29.246
Allstate,United States,29.616
Hitachi,Japan,25.556
Brookfield Asset Management,Canada,35.355
BT Group,United Kingdom,38.516
NextEra Energy,United States,60.361
BlackRock,United States,62.632
Continental,Germany,42.713
MS&AD Insurance,Japan,19.186
Aviva,United Kingdom,25.914
Cigna,United States,39.024
Phillips 66,United States,39.884
Valero Energy,United States,29.423
Enbridge,Canada,69.293
MondelÄ“z International,United States,67.353
People's Insurance Company,China,17.472
McDonald's,United States,106.436
ArcelorMittal,Luxembourg,25.103
East Japan Railway,Japan,34.229
Itochu,Japan,22.436
Japan Tobacco,Japan,66.379
EI du Pont de Nemours,United States,69.209
Eli Lilly,United States,94.138
Panasonic,Japan,26.194
Sun Hung Kai Properties,Hong Kong,43.601
Fiat Chrysler Automobiles,United Kingdom,15.549
LafargeHolcim,Switzerland,35.447
Qatar National Bank,Qatar,37.676
Target,United States,29.424
Fresenius,Germany,43.886
Danaher,United States,59.734
Danske Bank,Denmark,31.925
General Dynamics,United States,57.046
Reynolds American,United States,90.618
Denso,Japan,33.59
Bristol-Myers Squibb,United States,88.009
CRRC,China,42.602
ABB,Switzerland,49.879
Exelon,United States,33.329
Cathay Financial,Taiwan,19.775
Sun Life Financial,Canada,21.919
Repsol,Spain,23.823
Kroger,United States,27.299
Abbott Laboratories,United States,75.738
HCA Holdings,United States,32.58
State Bank of India,India,36.549
DBS Group,Singapore,34.424
Oil & Natural Gas,India,37.242
American Airlines Group,United States,21.079
BB&T,United States,35.631
Nike,United States,91.165
Schneider Electric,France,41.911
Thermo Fisher Scientific,United States,59.899
Danone,France,41.979
Samsung Life Insurance,South Korea,18.167
Air Liquide,France,44.98
Huaxia Bank,China,17.58
Orix,Japan,19.75
Bank of Beijing,China,21.469
HDFC Bank,India,57.414
KBC Group,Belgium,27.641
Deere & Company,United States,34.824
Diageo,United Kingdom,71.167
Central Japan Railway,Japan,32.612
Liberty Global,United Kingdom,31.195
Indian Oil,India,30.036
Shinhan Financial Group,South Korea,20.042
Canon,Japan,41.579
Synchrony Financial,United States,26.886
Saint-Gobain,France,28
United Continental Holdings,United States,22.3
Carnival,United States,43.935
HP,United States,29.414
Accenture,Ireland,77.761
Country Garden Holdings,Hong Kong,20.337
State Street,United States,30.089
Volvo Group,Sweden,28.575
Inditex,Spain,112.114
Seven & I Holdings,Japan,37.023
Mitsubishi Electric,Japan,29.875
Bridgestone,Japan,31.743
PG&E,United States,33.967
Cardinal Health,United States,25.978
Telstra,Australia,40.727
Dominion Resources,United States,48.745
Nomura,Japan,21.155
Raytheon,United States,44.916
Henkel,Germany,52.032
Marathon Petroleum,United States,26.404
Merck,Germany,49.092
Peugeot,France,16.86
Tata Motors,India,24.934
Archer Daniels Midland,United States,25.617
CNP Assurances,France,13.836
Natixis,France,19.135
China Huarong Asset Management,China,16.644
Imperial Tobacco Group,United Kingdom,46.494
BCE,Canada,40.536
Northrop Grumman,United States,41.747
LyondellBasell Industries,United Kingdom,35.762
Posco,South Korea,19.18
Telecom Italia,Italy,18.117
Oversea-Chinese Banking,Singapore,28.845
KB Financial Group,South Korea,17.912
Charles Schwab,United States,53.338
Orange,France,40.4
Surgutneftegas,Russia,18.524
Sompo,Japan,14.379
Gas Natural Fenosa,Spain,21.705
WPP,United Kingdom,27.433
Bank Of Shanghai,China,20.741
ICICI Bank,India,25.124
Poly Real Estate,China,16.639
Hyundai Mobis,South Korea,18.865
DNB,Norway,25.629
Philips,Netherlands,28.936
AmerisourceBergen,United States,19.013
Heineken Holding,Netherlands,22.966
CRH,Ireland,28.99
Discover Financial Services,United States,25.33
Safran,France,32.196
Etisalat,United Arab Emirates,42.739
CaixaBank,Spain,25.732
Eaton,Ireland,33.449
Fubon Financial,Taiwan,16.092
Sumitomo,Japan,16.763
SunTrust Banks,United States,27.2
Greenland Holdings Group,China,14.252
China Cinda Asset Management,China,14.686
Anglo American,United Kingdom,19.774
China Resources Land,Hong Kong,19.847
Royal Ahold Delhaize N.V.,Netherlands,26.002
SingTel,Singapore,45.181
United Overseas Bank,Singapore,25.618
Subaru,Japan,27.286
Automatic Data Processing,United States,45.873
Midea Group,China,31.504
Linde,Germany,31.294
KIA Motors,South Korea,12.564
Hartford Financial Services,United States,17.884
Southwest Airlines,United States,33.556
AmÃ©rica MÃ³vil,Mexico,47.344
Principal Financial Group,United States,18.04
Fannie Mae,United States,2.849
Ameriprise Financial,United States,19.895
Macquarie Group,Australia,21.155
Carrefour,France,16.643
Celgene,United States,97.697
China Evergrande Group,China,14.58
Takeda Pharmaceutical,Japan,36.874
SK Hynix,South Korea,31.958
Saudi Telecom,Saudi Arabia,37.335
Tyson Foods,United States,24.171
Sinohydro Group,China,16.488
Reckitt Benckiser Group,United Kingdom,64.132
CSX,United States,43.784
Freddie Mac,United States,1.534
Lincoln National,United States,14.796
Kinder Morgan,United States,48.131
Power Corp of Canada,Canada,10.812
BP,United Kingdom,114.695
Chevron,United States,206.083
Michelin Group,France,21.574
Cheung Kong Property Holdings,Hong Kong,26.239
SK Holdings,South Korea,14.658
Gree Electric Appliances,China,27.738
BAE Systems,United Kingdom,25.56
Bank Of Jiangsu,China,16.55
Edison International,United States,26.146
Kansai Electric Power,Japan,11.268
New China Life Insurance,China,17.605
Starbucks,United States,84.558
Centrica,United Kingdom,14.817
Biogen,United States,58.02
Canadian National Railway,Canada,55.897
HDFC,India,36.705
Novo Nordisk,Denmark,88.213
Swedbank,Sweden,25.061
Tata Consultancy Services,India,74.475
Monsanto,United States,50.934
Mastercard,United States,121.331
Femsa,Mexico,33.098
PayPal,United States,51.673
Progressive,United States,22.824
Svenska Handelsbanken,Sweden,25.853
Mitsui Fudosan,Japan,21.077
SEB,Sweden,23.761
Bank Rakyat Indonesia,Indonesia,24.166
Texas Instruments,United States,80.501
Wilmar International,Singapore,16.144
Daiwa House Industry,Japan,19.056
Baidu,China,59.921
Consolidated Edison,United States,23.756
Maybank,Malaysia,20.661
DISH Network,United States,29.11
Citic Securities,China,27.907
American Electric,United States,33.102
Suzuki Motor,Japan,19.945
VTB Bank,Russia,14.861
Metallurgical Corp of China,China,15.403
Petrobras,Brazil,61.278
Norfolk Southern,United States,36.012
TJX Cos,United States,49.123
Investor AB,Sweden,32.186
American International Group,United States,60.086
Sempra Energy,United States,27.486
International Airlines,United Kingdom,13.687
SSE,United Kingdom,18.712
eBay,United States,36.599
NTPC,India,21.533
Old Mutual,United Kingdom,11.724
Magna International,Canada,15.3
China Yangtze Power,China,42.318
NN Group,Netherlands,10.309
Sumitomo Mitsui Trust,Japan,12.827
General Mills,United States,33.214
Talanx,Germany,8.916
The Priceline Group,United States,87.009
EXOR,Italy,11.944
Glencore International,Switzerland,57.278
Vodafone,United Kingdom,67.036
Huaneng Power International,China,14.429
Standard Bank Group,South Africa,15.938
Swiss Life Holding,Switzerland,10.245
FirstRand,South Africa,18.198
Sysco,United States,27.978
International Paper,United States,20.772
Vivendi,France,24.17
Kimberly-Clark,United States,46.721
National Commercial Bank,Saudi Arabia,20.641
Erste Group Bank,Austria,13.515
Baoshan Iron & Steel,China,21.434
Eni,Italy,58.229
Saudi Electricity,Saudi Arabia,26.597
Corning,United States,24.854
Daikin Industries,Japan,28.375
Mitsubishi Chemical,Japan,11.067
Becton Dickinson,United States,39.183
SK Innovation,South Korea,13.513
Humana,United States,30.408
Emerson Electric,United States,38.291
Nippon Steel & Sumitomo Metal,Japan,20.227
Deutsche Bank,Germany,34.005
Toyota Industries,Japan,14.838
Pernod Ricard,France,31.356
Aon,United Kingdom,31.418
IntercontinentalExchange,United States,36.185
Stryker,United States,48.787
Fujifilm Holdings,Japan,18.097
Fosun International,China,13.135
Sony,Japan,40.441
Chubu Electric Power,Japan,10.012
Las Vegas Sands,United States,44.623
Xcel Energy,United States,22.545
Fifth Third Bancorp,United States,18.773
Bouygues,France,14.468
ENGIE,France,34.776
Steinhoff International,Netherlands,21.094
Wheelock,Hong Kong,16.714
Marsh & McLennan,United States,37.836
CBS,United States,29.499
Fujitsu,Japan,12.479
Statoil,Norway,56.24
Wesfarmers,Australia,37.822
Axis Bank,India,18.788
HeidelbergCement,Germany,18.546
Illinois Tool Works,United States,45.535
Formosa Petrochemical,Taiwan,33.596
Marriott International,United States,34.881
Adidas,Germany,39.605
CLP Holdings,Hong Kong,26.76
Thomson Reuters,United States,31.352
Kering,France,33.671
Colgate-Palmolive,United States,64.944
Richemont,Switzerland,44.337
Shin-Etsu Chemical,Japan,36.212
Mapfre,Spain,10.515
Poste Italiane,Italy,8.639
Aisin Seiki,Japan,13.159
Mitsubishi,Japan,34.711
Mitsubishi Estate,Japan,25.434
PPL,United States,25.373
Waste Management,United States,32.344
Micron Technology,United States,31.552
Larsen & Toubro,India,24.503
Aegon,Netherlands,9.958
Teva Pharmaceutical,Israel,32.422
Compass Group,United Kingdom,31.115
Suncor Energy,Canada,51.686
EDP-Energias de Portugal,Portugal,12.271
Syngenta,Switzerland,40.907
Tenaga Nasional,Malaysia,17.435
Credit Suisse Group,Switzerland,30.142
Hana Financial Group,South Korea,9.654
Sampo,Finland,26.458
Bank Mandiri,Indonesia,21.369
Schlumberger,United States,109.201
UniCredit Group,Italy,33.346
M&T Bank,United States,23.529
Thales,France,20.594
Applied Materials,United States,42.038
Royal Bank of Scotland,United Kingdom,34.971
SK Telecom,South Korea,16.325
TE Connectivity,Switzerland,25.976
Caterpillar,United States,56.021
China Merchants Shekou Industrial Zone Holdings,China,20.841
Ecolab,United States,36.33
H&M,Sweden,39.938
Omnicom Group,United States,20.104
Chinatrust Financial,Taiwan,11.825
Komatsu,Japan,24.277
Haitong Securities,China,22.872
Grupo ACS,Spain,11.168
Resona Holdings,Japan,11.669
Bharti Airtel,India,21.445
Deutsche Lufthansa,Germany,7.416
Al Rajhi Bank,Saudi Arabia,27.635
Swisscom,Switzerland,22.501
Couche Tard,Canada,25.856
Loews,United States,15.905
ConocoPhillips,United States,61.283
Baxter International,United States,28.61
Praxair,United States,33.905
Kyocera,Japan,19.884
Garanti Bank,Turkey,10.192
China Unicom,Hong Kong,33.778
CIC Group,France,7.882
Kubota,Japan,18.47
Isbank,Turkey,7.907
Astellas Pharma,Japan,27.98
CNOOC,Hong Kong,54.818
Simon Property Group,United States,53.039
ASML Holding,Netherlands,56.8
British Sky Broadcasting,United Kingdom,20.642
Cummins,United States,25.102
China Zheshang Bank,China,9.754
Standard Chartered,United Kingdom,30.249
Tokyo Electric Power,Japan,6.135
Cognizant Technology,United States,35.563
Viacom,United States,17.967
Sasol,South Africa,19.845
Public Service Enterprise Group,United States,22.638
Coal India,India,27.448
Novatek,Russia,38.983
Kirin Holdings,Japan,17.388
T&D Holdings,Japan,9.156
Mitsui,Japan,26.167
Regions Financial,United States,17.404
Ingersoll Rand,Ireland,21.441
CenturyLink,United States,13.413
Bank of Nanjing,China,10.46
Dongfeng Motor Group,China,9.359
Citizens Financial Group,United States,17.638
Swire Pacific,Hong Kong,15.081
RELX Group,United Kingdom,40.929
Samsung Fire & Marine,South Korea,10.396
Associated British Foods,United Kingdom,24.369
Standard Life,United Kingdom,9.043
Ally Financial,United States,9.089
MÃ¸ller-Maersk,Denmark,35.046
Ecopetrol,Colombia,19.658
National Bank of Canada,Canada,14.255
Sumitomo Electric,Japan,12.453
Shire,Ireland,51.264
Akzo Nobel,Netherlands,21.357
Bank Central Asia,Indonesia,32.111
Marubeni,Japan,10.693
DTE Energy,United States,18.472
KoÃ§ Holding,Turkey,10.386
Unum,United States,10.627
Best Buy,United States,14.905
Atlas Copco,Sweden,42.94
MTR,Hong Kong,33.258
Suncorp Group,Australia,12.639
Emirates NBD,United Arab Emirates,12.484
LG Chem,South Korea,17.692
QBE Insurance Group,Australia,13.277
Northern Trust,United States,19.756
CME Group,United States,40.092
Otsuka Holding,Japan,25.053
Altice,Netherlands,30.853
American Tower,United States,52.169
Sinopharm Group,China,12.696
Falabella,Chile,21.319
Bharat Petroleum,India,15.206
Newell Brands,United States,22.297
Akbank,Turkey,9.171
Norilsk Nickel,Russia,24.86
Atlantia,Italy,21.1
Tesco,United Kingdom,19.218
MGM Resorts,United States,16.141
Dollar Tree,United States,18.339
GFNorte,Mexico,16.241
Broadcom,Singapore,87.597
Woori Bank,South Korea,8.246
Guotai Junan Securities,China,20.286
Constellation Brands,United States,33.402
Royal Caribbean Cruises,United States,20.92
Air Products & Chemicals,United States,29.377
Infosys,India,34.926
BYD,China,18.378
KeyCorp,United States,18.87
Johnson Controls International,Ireland,38.478
Asahi Kasei,Japan,13.131
New World Development,Hong Kong,12.082
Siam Cement,Thailand,19.085
Toray Industries,Japan,14.184
Grupo Mexico,Mexico,23.656
E.ON,Germany,16.888
Dell Technologies,United States,13.475
Nokia,Finland,30.349
EletrobrÃ¡s,Brazil,7.195
Legend Holding,China,7.005
Dollar General,United States,19.072
Banco de Sabadell,Spain,10.005
Eversource Energy,United States,18.823
China Taiping Insurance,Hong Kong,8.613
Hyundai Heavy Industries,South Korea,11.047
Sekisui House,Japan,11.306
Siam Commercial Bank,Thailand,16.095
China Eastern Airlines,China,12.94
Cemex,Mexico,13.094
Sumitomo Realty,Japan,12.27
Murata Manufacturing,Japan,28.4
WEC Energy Group,United States,19.048
JXTG Holdings,Japan,16.602
China Fortune Land Development,China,15.544
Evonik,Germany,14.917
Henderson Land,Hong Kong,22.938
China Southern Airlines,China,10.434
ThyssenKrupp Group,Germany,13.549
Whirlpool,United States,12.442
Paccar,United States,23.59
Public Bank,Malaysia,17.414
Bank of Ningbo,China,10.294
Valeo,France,15.392
Asahi Group Holdings,Japan,17.802
Unibail-Rodamco,France,23.585
Delphi Automotive,United Kingdom,20.234
Bunge,United States,10.596
Capgemini,France,15.717
Mylan,United Kingdom,21.206
Sodexo,France,17.478
Kasikornbank,Thailand,13.385
TELUS,Canada,19.547
Formosa Chemicals,Taiwan,17.864
Kao Corp,Japan,27.327
VMware,United States,37.786
Kweichow Moutai,China,71.537
SCA,Sweden,21.637
Fidelity National Information,United States,26.26
Aeon,Japan,12.378
Centene,United States,12.221
Great Wall Motor,China,15.179
Telkom Indonesia,Indonesia,30.437
Molson Coors Brewing,United States,20.531
Naspers,South Africa,75.355
Stanley Black & Decker,United States,20.182
Nucor,United States,19.385
Transneft,Russia,4.73
JD.com,China,45.719
National Bank of Abu Dhabi,United Arab Emirates,16.094
West Japan Railway,Japan,12.763
DaVita,United States,13.046
Commerzbank,Germany,11.025
Fortescue Metals Group,Australia,14.287
Nan Ya Plastics,Taiwan,18.518
Solvay,Belgium,12.876
Longfor Properties,China,10.142
Rogers Communications,Canada,22.947
Barrick Gold,Canada,22.317
China Reinsurance Group,China,9.895
CIMB Group Holdings,Malaysia,10.918
Krung Thai Bank,Thailand,16.966
Tatneft,Russia,14.577
WH Group,Hong Kong,12.841
Kellogg,United States,25.41
Recruit Holdings,Japan,28.967
Fast Retailing,Japan,31.76
EstÃ©e Lauder,United States,30.836
Allied Irish Banks,Ireland,14.553
PKN Orlen,Poland,11.176
BAIC Motor,China,8.309
Mazda Motor,Japan,8.109
Weyerhaeuser,United States,26.11
Woolworths,Australia,25.711
Dong Energy,Denmark,16.445
Level 3 Communications,United States,21.114
Franklin Resources,United States,23.619
Nidec,Japan,28.094
George Weston,Canada,10.942
Lenovo Group,Hong Kong,7.72
LG Display,South Korea,9.415
Activision Blizzard,United States,37.299
Grupo Aval,Colombia,9.209
All Nippon Airways,Japan,10.435
Reinsurance Group of America,United States,8.079
Tesoro,United States,9.41
Samsung C&T,South Korea,21.221
RWE Group,Germany,10.28
Guosen Securities,China,17.603
TransCanada,Canada,40.608
Adobe Systems,United States,64.42
Teliasonera,Sweden,17.011
Dentsu,Japan,15.51
Deutsche Boerse,Germany,17.93
Daiwa Securities,Japan,9.85
GF Securities,China,18.419
Textron,United States,12.875
Mitsubishi Heavy Industries,Japan,13.361
Republic Services,United States,21.316
Ericsson,Sweden,21.423
Isuzu Motors,Japan,10.785
Anhui Conch Cement,China,16.919
First Data,United States,13.959
Vonovia,Germany,16.828
Telenor,Norway,24.356
Halliburton,United States,43.069
PPG,United States,27.265
CGN Power,China,14.155
Bankia,Spain,13.184
Chunghwa Telecom,Taiwan,26.472
Veolia Environnement,France,10.15
Occidental Petroleum,United States,48.161
J Sainsbury,United Kingdom,7.1
Bancolombia,Colombia,8.887
Sherwin-Williams,United States,29.159
NVIDIA,United States,59.094
HAL Trust,Netherlands,15.07
VF,United States,22.467
Yum Brands,United States,22.745
Qingdao Haier,China,10.606
Prologis,United States,28.374
Goodyear,United States,8.863
Liberty Interactive,United States,9.444
Coca-Cola European Partners,United Kingdom,17.869
Ross Stores,United States,24.731
CNH Industrial,United Kingdom,13.549
Macy's,United States,8.881
XL Group,Bermuda,10.596
Parker-Hannifin,United States,21.463
Sabanci Holding,Turkey,5.433
Annaly Capital Management,United States,11.524
Industrial Bank of Korea,South Korea,6.018
Hanwha,South Korea,2.195
Essilor International,France,25.736
Kotak Mahindra Bank,India,25.066
Kyushu Electric Power,Japan,5.112
Scor,France,6.825
Chongqing Changan Auto,China,10.244
Husky Energy,Canada,11.36
China Energy Engineering,China,5.602
Abertis,Spain,15.962
Huatai Securities,China,16.904
Luxottica Group,Italy,25.915
Teck Resources,Canada,13.595
Lotte Chemical,South Korea,11.137
Tohoku Electric Power,Japan,6.757
Western Digital,United States,24.535
National Bank of Kuwait,Kuwait,14.026
Rolls-Royce Holdings,United Kingdom,18.174
Japan Airlines,Japan,10.6
Credicorp,Peru,12.731
UPM-Kymmene,Finland,12.744
Guangdong Wens Foodstuffs Group,China,20.929
Toyota Tsusho,Japan,10.578
Wipro,India,19.373
Hilton,United States,18.663
Daqin Railway,China,16.615
Lennar,United States,11.884
Ferrovial,Spain,14.886
Anadarko Petroleum,United States,34.88
Scentre Group,Australia,17.55
AutoZone,United States,19.897
Agrium,Canada,12.982
Vestas Wind Systems,Denmark,17.47
China Resources Power,Hong Kong,8.791
Freeport-mcmoran,United States,18.206
Samba Financial Group,Saudi Arabia,11.252
ROSSETI,Russia,3.347
Schaeffler,Germany,11.059
GD Power Development,China,9.457
Adecco,Switzerland,11.769
Discovery Communications,United States,16.837
Canadian Natural Resources,Canada,37.099
Ryanair Holdings,Ireland,19.57
Huntington Bancshares,United States,14.303
Hong Kong Exchanges,Hong Kong,30.868
Carlsberg,Denmark,14.112
Porsche Automobil Holding,Germany,16.129
Kone,Finland,23.669
CarMax,United States,10.54
ItaÃºsa,Brazil,22.961
Sime Darby,Malaysia,14.292
Wolseley,Switzerland,15.508
Air France-KLM,France,2.193
Willis Towers Watson,United Kingdom,17.41
Welltower,United States,26.245
ITC,India,51.595
KT Corp,South Korea,7.058
OMV Group,Austria,13.617
Sumitomo Chemical,Japan,8.782
Emaar Properties,United Arab Emirates,14.561
VEON,Netherlands,6.751
Eiffage,France,7.318
Bangkok Bank,Thailand,10.097
Metro Group,Germany,10.115
CSL,Australia,43.865
Hindustan Petroleum,India,8.461
DR Horton,United States,12.367
Leonardo,Italy,8.308
Shenwan Hongyuan Group,China,18.258
LG Electronics,South Korea,10.221
Kuehne + Nagel,Switzerland,16.891
FirstEnergy,United States,13.897
Magnit,Russia,15.614
S&P Global,United States,33.626
Chongqing Rural Bank,Hong Kong,6.487
Toshiba,Japan,8.259
General Growth Properties,United States,20.372
JFE Holdings,Japan,9.421
Netease,China,36.76
LabCorp,United States,14.687
ATOS,France,12.802
Fanuc,Japan,39.632
SM Investments,Philippines,17.75
Hyundai Steel,South Korea,6.651
Eastman Chemical,United States,11.716
O'Reilly Automotive,United States,23.204
L Brands,United States,13.452
First Republic Bank,United States,14.19
S-Oil,South Korea,9.862
EOG Resources,United States,56.192
Secom,Japan,16.722
LG Corp,South Korea,10.737
Abu Dhabi Commercial Bank,United Arab Emirates,9.765
HermÃ¨s International,France,50.28
Link REIT,Hong Kong,15.978
TD Ameritrade Holding,United States,20.274
Sanlam,South Africa,9.459
Daiichi Sankyo,Japan,15.466
Norsk Hydro,Norway,11.854
Williams,United States,25.064
Guangzhou Automobile Group,China,19.217
American Financial Group,United States,8.203
NXP Semiconductors,Netherlands,36.175
China National Nuclear Power,China,16.967
Athene Holding,Bermuda,9.842
Woodside Petroleum,Australia,20.858
Boston Scientific,United States,33.745
Raiffeisen Bank International,Austria,7.333
AMP,Australia,11.402
Formosa Plastics,Taiwan,19.021
China Steel,Taiwan,12.819
Bank of Ireland,Ireland,8.418
China Gezhouba,China,8.464
BÃ¢loise Group,Switzerland,6.337
Rakuten,Japan,15.207
Ameren,United States,13.228
Symantec,United States,19.066
Yara International,Norway,10.717
Assa Abloy,Sweden,22.641
Shengjing Bank,China,5.245
Aena,Spain,24.302
Mega Financial Holding,Taiwan,10.636
Shanghai International Port,China,20.155
Tokyo Gas,Japan,10.144
Mohawk Industries,United States,16.967
Ooredoo Telecom,Qatar,9.107
China Galaxy Securities,China,16.137
Unipol Gruppo,Italy,2.864
Quanta Computer,Taiwan,7.867
Lam Research,United States,21.056
China Merchants Securities,China,15.146
Bank of Jinzhou,China,7.855
Entergy,United States,13.683
Canadian Pacific Railway,Canada,22.034
JM Smucker,United States,15.066
NEC,Japan,6.196
Kingfisher,United Kingdom,8.96
Lear,United States,9.23
Taisei,Japan,8.41
Kajima,Japan,6.882
Sandvik,Sweden,18.511
DP World,United Arab Emirates,17.986
Pegatron,Taiwan,7.509
Power Grid of India,India,15.907
Obayashi,Japan,6.744
Zimmer Biomet,United States,24.123
Devon Energy,United States,22.316
Hormel Foods,United States,18.115
Julius Baer Group,Switzerland,11.127
S.f. Holding,China,34.367
Schindler Holding,Switzerland,19.819
AvalonBay Communities,United States,25.402
Cencosud,Chile,8.989
JBS,Brazil,8.194
Uniper,Germany,6.147
Suning Appliance,China,14.777
Yahoo!,United States,44.419
L3 Technologies,United States,12.901
CEZ Group,Czech Republic,9.19
PKO Bank Polski,Poland,10.5
Alliance Data Systems,United States,14.039
AerCap Holdings,Ireland,7.646
Genuine Parts,United States,13.333
Fortis (Canada),Canada,13.622
Infineon Technologies,Germany,22.545
Klepierre,France,12.398
Randstad Holding,Netherlands,10.272
Skanska,Sweden,9.297
Raymond James Financial,United States,10.894
Gemdale,China,7.347
Invesco,United States,12.256
DSM,Netherlands,12.054
Ageas,Belgium,7.966
Zhejiang Zheneng Electric Power,China,11.356
Mahindra & Mahindra,India,11.758
Swatch Group,Switzerland,19.271
Huishang Bank,China,5.347
Vornado Realty,United States,19.223
Everest Re Group,Bermuda,9.511
Bank Hapoalim,Israel,7.923
Shimao Property Holdings,Hong Kong,5.649
Saudi British Bank,Saudi Arabia,8.799
Bank Negara Indonesia,Indonesia,9.064
Inner Mongolia Yili,China,16.399
Asr Nederland,Netherlands,4.268
Beiersdorf,Germany,24.059
Sharp,Japan,20.524
Salesforce.com,United States,59.699
Aluminum Corp of China,China,9.907
Mercantil Servicios,Venezuela,2.725
Halkbank,Turkey,3.462
Guangzhou R&F,China,5.391
Tesla,United States,49.343
Tokyu,Japan,8.995
Neste Oil,Finland,9.973
CMS Energy,United States,12.587
Conagra Brands,United States,17.229
China Shipbuilding Industry,China,20.388
Jeronimo Martins,Portugal,11.242
Fairfax Financial,Canada,11.203
Westfield,Australia,14.045
Keyence,Japan,48.341
Banque Saudi Fransi,Saudi Arabia,8.427
Towngas,Hong Kong,26.023
Galaxy Entertainment,Hong Kong,23.83
WR Berkley,United States,8.6
CapitaLand,Singapore,11.378
Shimizu,Japan,7.185
Snam,Italy,14.995
VakifBank,Turkey,3.717
Baker Hughes,United States,26.065
Onex,Canada,7.296
Publicis Groupe,France,15.421
St. James's Place,United Kingdom,6.744
Hershey,United States,22.692
CenterPoint Energy,United States,12.024
HCL Technologies,India,18.658
Riyad Bank,Saudi Arabia,8.271
TUI,Germany,7.922
BOE Technology Group,China,18.436
UC Rusal,Russia,7.939
Idemitsu Kosan,Japan,5.576
WestRock,United States,12.797
Deutsche Wohnen,Germany,12.015
Public Storage,United States,38.796
Mebuki Financial Group,Japan,4.472
Comerica,United States,12.014
Voya Financial,United States,7.049
Arch Capital Group,Bermuda,11.534
Daito Trust Construction,Japan,10.448
Fiserv,United States,24.851
Ventas,United States,23.019
CBRE Group,United States,11.13
Huadian Power International,China,6.761
Markel,United States,13.631
Fidelity National Financial,United States,10.404
Inpex,Japan,14.856
Leucadia National,United States,9.459
China Coal Energy,China,10.298
Ultrapar Participacoes,Brazil,12.51
Bank Of Hangzhou,China,8.613
Electronic Arts,United States,27.352
Fortive,United States,20.923
CP All,Thailand,15.968
Amphenol,United States,21.466
Regeneron Pharmaceuticals,United States,40.369
Mediobanca,Italy,7.568
Asahi Glass,Japan,9.218
Universal Health,United States,11.906
Mediatek,Taiwan,11.13
Singapore Airlines,Singapore,8.412
Banco BTG Pactual Participations,Bermuda,5.697
Suntory Beverage & Food,Japan,13.31
Shanghai Pharmaceuticals,China,9.105
Netflix,United States,61.596
CGI Group,Canada,14.149
Gap,United States,9.617
Hankyu Hanshin Holdings,Japan,8.246
Dr Pepper Snapple Group,United States,17.745
Cincinnati Financial,United States,11.577
Dongbu Insurance,South Korea,4.11
Power Assets Holdings,Hong Kong,18.884
Bank of East Asia,Hong Kong,11.199
Harris,United States,13.712
YPF,Argentina,9.943
Finatis,France,0.292
Nielsen,United States,14.902
Novolipetsk Steel,Russia,11.639
Kuwait Finance House,Kuwait,10.052
China Grand Automotive Services,China,7.391
EnBW-Energie Baden,Germany,6.489
Dubai Islamic Bank,United Arab Emirates,7.804
Hikvision,China,28.898
Navient,United States,4.272
South32,Australia,11.634
Tokyo Electron,Japan,18.053
BDO Unibank,Philippines,10.216
Kohl's,United States,6.756
MTN Group,South Africa,16.588
WW Grainger,United States,13.463
Severstal,Russia,12.328
Sun Pharma Industries,India,24.87
Weichai Power,China,6.978
Arrow Electronics,United States,6.31
Grupa PZU,Poland,8.133
PTT Global Chemical,Thailand,9.481
Bank Leumi,Israel,6.658
China Resources Pharmaceutical Group,Hong Kong,7.312
Geely Automobile Holdings,Hong Kong,12.667
Insurance Australia Group,Australia,10.632
E-Trade Financial,United States,9.582
Nintendo,Japan,32.839
Stora Enso,Finland,9.511
BBMG,China,8.873
Seagate Technology,Ireland,13.829
TDK,Japan,7.683
Uni-President,Taiwan,10.428
Rockwell Automation,United States,19.969
Henry Schein,United States,13.269
Meiji Holdings,Japan,12.671
Intuit,United States,30.3
Lixil Group,Japan,7.712
London Stock Exchange,United Kingdom,14.036
Amadeus IT Group,Spain,21.82
Arconic,United States,11.635
Zoetis,United States,25.833
Helvetia Holding,Switzerland,5.394
Advanced Semiconductor,Taiwan,10.048
Yamaha Motor,Japan,7.96
Alleghany,United States,9.444
Crown Castle International,United States,34.148
ZTE,China,9.941
Grupo Inbursa,Mexico,11.177
Inter Rao,Russia,7.496
Newmont Mining,United States,18.236
AES,United States,7.279
Oneok,United States,11.851
Schroders,United Kingdom,10.902
C.H. Robinson,United States,10.737
Quest Diagnostics,United States,13.419
Mitsubishi UFJ Lease,Japan,4.343
Expedia,United States,18.949
Boston Properties,United States,20.719
Beijing Enterprises,Hong Kong,6.611
Restaurant Brands International,Canada,13.136
Analog Devices,United States,29.211
Liberty Expedia Holdings,United States,2.6
KPN,Netherlands,12.604
GS Holdings,South Korea,4.79
OTP Bank,Hungary,7.921
Roper Technologies,United States,21.211
Host Hotels & Resorts,United States,13.528
Asustek Computer,Taiwan,7.252
Interpublic Group,United States,9.515
QuintilesIMS,United States,18.679
Tata Steel,India,7.455
Bankinter,Spain,7.609
Campbell Soup,United States,17.17
Osaka Gas,Japan,7.952
First Financial Holding,Taiwan,7.314
Lotte Shopping,South Korea,5.744
Vienna Insurance Group,Austria,3.088
SMC,Japan,19.124
Investec,United Kingdom,6.307
Power Finance,India,6.259
Voestalpine,Austria,7.059
Hydro One,Canada,10.779
Whole Foods Market,United States,9.898
Japan Exchange Group,Japan,7.79
Fortum,Finland,12.45
Grupo Bimbo,Mexico,11.835
Alrosa,Russia,11.416
China National Building,China,3.738
Saputo,Canada,13.181
Shanghai Construction,China,5.467
Mondi,United Kingdom,11.721
Shin Kong Financial,Taiwan,2.843
SDIC Power Holdings,China,7.672
Land Securities Group,United Kingdom,10.769
China Hongqiao Group,China,6.587
Clorox,United States,17.088
Cielo,Brazil,20.92
Assurant,United States,5.243
TCL Corp,China,6.427
Wuliangye Yibin,China,23.49
Thai Beverage,Thailand,17.085
Zions Bancorp,United States,8.405
National Oilwell Varco,United States,14.729
Flextronics International,Singapore,8.751
Hainan Airlines,China,8.422
Yanzhou Coal Mining,China,6.84
Shanghai Electric Group,China,6.741
Xiamen C&D,China,4.644
Lend Lease Group,Australia,6.628
T Rowe Price,United States,16.852
Pgnig Group,Poland,8.594
Galp Energia,Portugal,12.784
Shenzhen Overseas,China,8.933
Kerry Group,Ireland,14.212
Celanese,United States,12.976
Experian,Ireland,18.899
Legrand,France,15.991
Datang International Power,China,8.302
HCP,United States,14.891
SES,Luxembourg,10.627
AGNC Investment,United States,6.637
Bank of Tianjin,China,4.313
Phoenix Group Holdings,United Kingdom,3.525
Harbin Bank,China,3.368
Alaska Air Group,United States,11.03
Cenovus Energy,Canada,11.228
Apache,United States,20.023
Delta Electronics,Taiwan,13.911
Electrolux Group,Sweden,8.041
Hyundai Marine & Fire,South Korea,2.414
Korea Gas,South Korea,3.561
Keppel,Singapore,8.886
Wm Morrison Supermarkets,United Kingdom,6.778
AntarChile,Chile,5.347
SGS,Switzerland,16.43
Hyundai Engineering,South Korea,4.853
Toppan Printing,Japan,7.016
Actelion,Switzerland,30.474
Bank of Baroda,India,6.053
Canadian Tire,Canada,8.529
Intuitive Surgical,United States,28.172
Punjab National Bank,India,4.934
Charoen Pokphand Foods,Thailand,6.269
Renesas Electronics,Japan,16.44
JG Summit Holdings,Philippines,11.593
Ball,United States,12.645
Olympus,Japan,12.811
Sun Art Retail Group,Hong Kong,9.589
BCI-Banco Credito,Chile,7.429
CDW,United States,9.234
Hesteel,China,7.404
Brown-Forman,United States,17.572
Sika,Switzerland,15.44
Hoya,Japan,18.101
SVB Financial Group,United States,9.54
Genworth Financial,United States,2.016
Cerner,United States,19.651
Foot Locker,United States,9.483
Mitsubishi Materials,Japan,3.797
Interactive Brokers Group,United States,14.263
Monster Beverage,United States,25.979
Dover,United States,12.46
Intact Financial,Canada,9.254
Global Logistic Properties,Singapore,9.359
Skyworks Solutions,United States,18.785
Terna,Italy,9.991
Tokyo Century,Japan,3.54
Autoliv,Sweden,8.515
Hindalco Industries,India,6.76
Advance Auto Parts,United States,10.486
Ayala,Philippines,10.696
Paychex,United States,20.905
Rockwell Collins,United States,12.939
Oriental Land,Japan,19.636
Industrial Alliance Insurance,Canada,4.545
Attijariwafa Bank,Morocco,7.54
American Water Works,United States,13.845
Motorola Solutions,United States,13.88
United Rentals,United States,10.405
Norwegian Cruise Line Holdings,United States,10.978
Harley-Davidson,United States,10.697
Hess,United States,15.209
Masraf Al Rayan,Qatar,8.766
Jiangsu Yanghe Brewery,China,18.646
Grifols,Spain,16.844
Orient Securities,China,12.189
Mitsubishi Motors,Japan,9.016
Origin Energy,Australia,9.634
Qantas Airways,Australia,5.282
Advanced Info Service,Thailand,14.995
Pentair,United Kingdom,11.43
Industries Qatar,Qatar,18.397
Nitto Denko,Japan,12.395
Arab National Bank,Saudi Arabia,5.306
Zijin Mining Group,China,10.393
Ricoh,Japan,5.82
Xerox,United States,7.238
Tenet Healthcare,United States,1.723
SCANA,United States,9.347
Jiangxi Copper,China,7.655
Givaudan,Switzerland,16.626
Liberty Broadband,United States,15.727
Chiba Bank,Japan,5.249
Everbright Securities,China,9.871
Smith & Nephew,United Kingdom,13.403
UCB,Belgium,14.557
Industrivarden,Sweden,9.275
PVH,United States,7.969
ALFA,Mexico,7.314
Avnet,United States,5.749
Lundbergs,Sweden,8.142
NRG Energy,United States,5.851
Shionogi,Japan,17.379
Csc Financial,China,6.799
New York Community,United States,6.642
Naver,South Korea,24.043
LARGAN Precision,Taiwan,20.588
Yum China Holdings,United States,11.972
Banco De Venezuela,Venezuela,2.512
CJ Corp,South Korea,4.378
CA,United States,13.325
Top Frontier Investment Holdings,Philippines,1.861
Qatar Islamic Bank,Qatar,6.619
Canara Bank,India,2.833
Mosaic,United States,10.127
Shinsei Bank,Japan,4.649
Braskem,Brazil,7.916
Rural Electrification,India,5.65
Alexion Pharmaceuticals,United States,26.032
Aramark,United States,8.98
Bank of Zhengzhou,China,3.431
Manpower,United States,6.598
Yes Bank,India,11.04
Dexia,Belgium,0.373
Masco,United States,10.718
Torchmark,United States,8.969
Proximus,Belgium,10.424
X5 Retail Group,Netherlands,8.744
RSA Insurance Group,United Kingdom,7.459
Air Canada,Canada,2.695
KLA-Tencor,United States,15.131
Valeant Pharmaceuticals,Canada,3.333
3i Group,United Kingdom,9.108
Bank of India,India,2.307
Check Point Software,Israel,18.043
Taiwan Cooperative Financial,Taiwan,5.939
Community Health Systems,United States,1.016
Huntington Ingalls Industries,United States,9.43
PGE Polska Grupa Energetyczna,Poland,5.281
Sekisui Chemical,Japan,7.792
Brenntag,Germany,8.82
Bombardier,Canada,3.557
Coty,United States,12.738
Genting,Malaysia,7.896
Bank Of Guiyang,China,5.664
PotashCorp,Canada,14.15
W&W-WÃ¼stenrot,Germany,1.826
Sojitz,Japan,3.073
Darden Restaurants,United States,10.3
Sunac China Holdings,China,5.868
Unicharm,Japan,14.474
Ctrip.com International,China,25.141
Jyske Bank,Denmark,4.788
China Life Insurance (Taiwan),Taiwan,3.397
Dai Nippon Printing,Japan,7.199
CIT Group,United States,8.799
IndusInd Bank,India,13.149
Banca MPS,Italy,
Bed Bath & Beyond,United States,5.776
Bank of Chongqing,China,2.704
Marathon Oil,United States,13.775
East West Bancorp,United States,7.448
Nitori Holdings,Japan,15.075
Yamato Holdings,Japan,8.341
Cosco Shipping,China,7.856
SKF Group,Sweden,8.914
GAIL India,India,10.181
PulteGroup,United States,7.381
Signature Bank,United States,7.592
AGL Energy,Australia,13.804
Latam Airlines,Chile,7.965
AutoNation,United States,4.051
Doosan,South Korea,1.609
Transocean,Switzerland,4.859
Hua Nan Financial,Taiwan,5.806
KT&G,South Korea,11.215
LKQ,United States,8.649
Equity Residential,United States,23.142
Amorepacific,South Korea,14.11
Iida Group Holdings,Japan,4.307
Gecina,France,8.687
Edwards Lifesciences,United States,19.949
Medipal Holdings,Japan,3.677
Bunzl,United Kingdom,9.757
El Puerto de Liverpool,Mexico,11.78
Vicinity Centres,Australia,8.591
Delta Lloyd,Netherlands,2.636
Eisai,Japan,14.907
Marks & Spencer,United Kingdom,6.783
Pioneer Natural Resources,United States,32.233
Arab Bank,Jordan,5.657
FonciÃ¨re des RÃ©gions,France,6.296
Sino-Ocean Land Holdings,China,3.704
Nippon Express,Japan,4.778
Dxc Technology,United States,21.518
Nordstrom,United States,7.43
Pandora,Denmark,11.75
GKN,United Kingdom,7.578
Ajinomoto,Japan,10.876
BNK Financial Group,South Korea,2.649
Founder Securities,China,10.083
Vedanta Resources,United Kingdom,2.761
Petronas Chemicals,Malaysia,14.034
Magnitogorsk Iron & Steel,Russia,6.976
Cintas,United States,12.892
Dassault Systemes,France,22.16
Quinenco,Chile,4.301
Nippon Yusen,Japan,3.477
BRF,Brazil,9.316
Hasbro,United States,11.969
Illumina,United States,25.167
Kawasaki Heavy Industries,Japan,4.948
Digital Realty Trust,United States,17.333
Alcoa,United States,6.213
Chugoku Electric Power,Japan,4.041
Koito Manufacturing,Japan,8.054
AmTrust Financial Services,United States,3.23
Juniper Networks,United States,10.568
United Utilities,United Kingdom,8.475
Red ElÃ©ctrica,Spain,10.742
RusHydro,Russia,6.012
Kobe Steel,Japan,3.164
Wyndham Worldwide,United States,8.872
MOL Hungarian Oil,Hungary,7.268
Cathay Pacific Airways,Hong Kong,5.691
JetBlue Airways,United States,7.038
Agilent Technologies,United States,17.03
Wolters Kluwer,Netherlands,11.857
Arkema,France,7.672
Ezdan Holding Group,Qatar,11.512
JSW Steel,India,7.512
Electric Power Development,Japan,4.166
Hexagon,Sweden,14.674
Ahli United Bank,Bahrain,5.939
Kerry Properties,Hong Kong,5.433
Yuanta Financial Holding,Taiwan,5.152
Airports of Thailand,Thailand,16.413
CR Bard,United States,18.034
Hanwha Chemical,South Korea,3.825
Noble Group,Hong Kong,1.752
Frontier Communications,United States,2.417
Ulta Salon Cosmetcs & Fragrance,United States,17.677
Crown Holdings,United States,7.36
Kintetsu,Japan,6.937
Starwood Property Trust,United States,5.89
Arthur J. Gallagher,United States,10.11
Johnson Matthey,United Kingdom,7.264
UGI,United States,8.605
Grupo Televisa,Mexico,15.783
JB Hunt Transport,United States,10.138
Iliad,France,13.078
Next,United Kingdom,7.331
Arca Continental,Mexico,12.479
Uralkali,Russia,8.264
Xilinx,United States,14.06
AAC Technologies Holdings,China,14.358
Gudang Garam,Indonesia,9.85
Banco Davivienda,Colombia,4.79
Mead Johnson Nutrition,United States,16.398
Essex Property Trust,United States,15.303
Amcor,Australia,13.28
Financiere de l'Odet,France,5.41
DCC,Ireland,7.814
Geberit,Switzerland,15.22
Alfresa Holdings,Japan,3.981
Mitsui OSK Lines,Japan,3.683
ICA Gruppen,Sweden,6.766
E.Sun Financial,Taiwan,5.31
Fluor,United States,7.252
Saudi Arabian Mining,Saudi Arabia,12.659
Partners Group Holding,Switzerland,14.729
Mashreq Bank,United Arab Emirates,3.867
Noble Energy,United States,15.059
Caltex Australia,Australia,5.972
Bank Audi,Lebanon,2.758
LG Household & Health Care,South Korea,10.8
Colruyt,Belgium,7.113
Focus Media Information Technology,China,15.4
OMRON,Japan,9.345
Tenaris,Luxembourg,20.255
Old Republic International,United States,5.233
Fukuoka Financial Group,Japan,3.653
Baiyin Nonferrous Group,China,13.433
Dentsply Sirona,United States,14.346
Tractor Supply,United States,9.086
Grupo Carso,Mexico,10.51
Materials Industry Zhongda Group,China,4.516
Almarai,Saudi Arabia,15.054
Open Text,Canada,8.697
RHB Bank,Malaysia,4.756
Targa Resources,United States,11.635
Taylor Wimpey,United Kingdom,7.886
Banca Mediolanum,Italy,5.445
Expeditors International,United States,10.077
Inner Mongolia Baotou Steel,Mongolia,14.631
Metro,Canada,7.008
Stockland Australia,Australia,8.604
Olam International,Singapore,3.804
Pinnacle West,United States,9.4
Chang Hwa Bank,Taiwan,5.474
Samsung SDS,South Korea,9.375
Brambles,Australia,11.183
Verisk Analytics,United States,13.189
Sealed Air,United States,8.3
Union Bank of India,India,1.624
British Land,United Kingdom,8.269
Seiko Epson,Japan,8.284
Barratt Developments,United Kingdom,6.969
NSK,Japan,7.264
Equifax,United States,16.333
Transurban Group,Australia,18.247
Perrigo,Ireland,9.858
Rite Aid,United States,4.847
Coloplast,Denmark,16.292
Newcrest Mining,Australia,14.02
China Merchants Holdings,Hong Kong,7.57
Dassault Aviation,France,10.374
UBI Banca,Italy,3.572
Bajaj Auto,India,12.765
Sabesp,Brazil,7.361
Steel Dynamics,United States,8.54
Ramsay Health Care,Australia,10.51
Equinix,United States,31.126
Coach,United States,11.121
Cosmo Energy Holdings,Japan,1.445
ISS,Denmark,7.233
Coca-Cola HBC,Switzerland,9.388
Goodman Group,Australia,10.802
Aeroports de Paris,France,11.935
E-mart,South Korea,5.539
RiseSun Real Estate Development,China,7.318
China National Chemical,China,6.507
Acciona,Spain,4.576
Fastenal,United States,14.53
Hyundai Glovis,South Korea,4.743
Hanesbrands,United States,7.755
Penske Automotive,United States,3.78
Shoprite Holdings,South Africa,7.871
Gjensidige Forsikring,Norway,7.368
McCormick,United States,12.417
Shanghai Commercial & Savings Bank,Taiwan,4.113
Shiseido,Japan,10.534
AVIC Capita,China,8.132
Melco International Development,Hong Kong,2.841
Citrix Systems,United States,13.001
Goldcorp,Canada,12.605
Realty Income,United States,16.337
AECOM Technology,United States,5.129
ITV,United Kingdom,10.76
Cheniere Energy,United States,11.282
Banco Popular Espanol,Spain,3.589
Agile Property Holdings,China,3.529
NCC Group,Sweden,2.645
Oji Holdings,Japan,4.348
Korean Air,South Korea,2.58
Hong Leong Financial,Malaysia,4.197
Smurfit Kappa Group,Ireland,6.029
Abu Dhabi Islamic Bank,United Arab Emirates,3.398
Hyosung,South Korea,3.93
Aozora Bank,Japan,4.087
Ashtead Group,United Kingdom,10.461
Storebrand,Norway,2.893
Persimmon,United Kingdom,8.206
Ingredion,United States,8.585
KB Insurance,South Korea,1.627
Sistema,Russia,3.684
Taishin Financial Holdings,Taiwan,3.902
Yamaguchi Financial,Japan,2.606
Mizrahi Tefahot Bank,Israel,3.919
Meritz Financial Group,South Korea,1.523
Kangmei Pharmaceutical,China,13.367
IHI,Japan,5.116
Scripps Networks Interactive,United States,10.004
Hang Lung Group,Hong Kong,6.055
Waters,United States,12.557
SEIBU,Japan,5.839
China Longyuan Power,China,6.361
Adient,Ireland,6.263
Blom Bank,Lebanon,2.58
Hokuhoku Financial Group,Japan,2.003
Jiangsu Hengrui Medicine,China,18.657
Ametek,United States,12.455
STMicroelectronics,Switzerland,13.681
Dangote Cement,Nigeria,9.144
SDIC Essence,China,8.23
WÃ¤rtsilÃ¤,Finland,10.806
Oi,Brazil,0.952
Maxim Integrated Products,United States,12.727
Chow Tai Fook Jewellery,Hong Kong,10.09
Shimano,Japan,13.638
Bank Muscat,Oman,2.818
Concordia Financial Group,Japan,5.74
Thai Oil,Thailand,4.393
Axiata Group,Malaysia,10.198
Turkish Airlines,Turkey,2.007
Moscow Exchange,Russia,4.364
Adani Ports & Special Economic Zone,India,11.209
News Corp,United States,7.273
Metalurgica Gerdau,Brazil,1.407
Packaging Corp of America,United States,8.577
Oceanwide Holdings,China,6.945
China Communications Services,China,4.341
Hertz Global Holdings,United States,1.284
Fresnillo,Mexico,14.83
DSV,Denmark,9.329
Alpha Bank,Greece,2.9
FleetCor Technologies,United States,13.433
IDBI Bank,India,2.414
EMS-Chemie Holding,Switzerland,13.614
Whitbread,United Kingdom,9.139
Albemarle,United States,11.733
Taiwan Mobile,Taiwan,12.748
NEX Group,United Kingdom,2.694
Suruga Bank,Japan,4.415
Compal Electronics,Taiwan,2.834
Metropolitan Bank & Trust,Philippines,5.54
Mitsui Chemicals,Japan,4.754
TransDigm Group,United States,12.086
NiSource,United States,7.665
Banco BPI,Portugal,1.647
Taiheiyo Cement,Japan,4.137
Alstom,France,6.637
Liberty Media Corporation Series A Liberty Formula One,United States,6.823
Lindt & Sprungli,Switzerland,14.583
Continental Resources,United States,17.271
Vulcan Materials,United States,16.446
MISC,Malaysia,7.357
Uniqa,Austria,2.374
Companhia Brasileira de Distribuicao,Brazil,5.87
Grupo Bolivar,Colombia,1.438
Hiroshima Bank,Japan,2.555
Yunnan Baiyao Group,China,13.056
Alinma Bank,Saudi Arabia,6.011
Ferrari,Italy,13.589
LG Uplus,South Korea,5.696
Ensco,United Kingdom,2.784
Assured Guaranty,Bermuda,4.804
Banco BPM SpA,Italy,4.318
EFG International,Switzerland,1.748
Rajesh Exports,India,2.78
Wendel,France,5.822
Spirit AeroSystems,United States,6.849
Terumo,Japan,13.148
Office Depot,United States,2.461
Shizuoka Bank,Japan,5.079
Mercuries & Associates,Taiwan,0.56
Bank Otkritie,Russia,4.051
Foshan Haitian Flavouring and Food Company,China,13.982
Staples,United States,6.362
Zhengzhou Yutong Bus,China,6.925
Industrial Securities,China,7.504
Pacific Exploration & Production,Canada,1.621
Ihs Markit,United Kingdom,17.162
Bendigo & Adelaide Bank,Australia,4.223
US Foods,United States,6.113
CCR,Brazil,11.516
Church & Dwight,United States,12.587
Yamada Denki,Japan,4.8
BCV Group,Switzerland,5.863
Hankook Tire,South Korea,5.874
Martin Marietta Materials,United States,13.964
Intelsat,Luxembourg,0.504
Royal Mail,United Kingdom,5.145
Orkla,Norway,9.062
Saipem,Italy,4.491
Aeroflot-Russian Airlines,Russia,3.183
Westlake Chemical,United States,8.662
Canadian Utilities,Canada,7.861
Suzuken,Japan,3.223
Concho Resources,United States,19.147
Hero Motocorp,India,10.003
Pembina Pipeline,Canada,13.039
Union National Bank,United Arab Emirates,3.446
Gunma Bank,Japan,2.251
Novozymes,Denmark,12.197
Avis Budget Group,United States,2.349
Sumitomo Metal Mining,Japan,7.66
China International Marine,China,6.013
ONO Pharmaceutical,Japan,12.283
Maxis,Malaysia,10.838
B3,Brazil,12.798
CNO Financial Group,United States,3.635
Piraeus Bank,Greece,1.632
World Fuel Services,United States,2.483
CJ Cheiljedang,South Korea,4.013
Tiffany & Co.,United States,11.643
XPO Logistics,United States,5.271
BBVA Banco Continental,Peru,6.167
Tech Data,United States,3.433
National Bank of Greece,Greece,2.438
EasyJet,United Kingdom,5.134
HRG Group,United States,3.892
Kyushu Financial Group,Japan,2.766
Boliden,Sweden,8.529
NVR,United States,7.699
Alliant Energy,United States,9.039
Nishi-nippon Financial Holdings,Japan,1.735
Fortune Brands Home & Security,United States,9.496
NetApp,United States,11.055
Snap-on,United States,9.529
Bank of Qingdao,China,3.73
Far East Horizon,Hong Kong,3.61
Garmin,Switzerland,9.977
People's United Financial,United States,6.128
North Pacific Bank,Japan,1.448
Grasim Industries,India,7.673
Banco Comercial Portugues,Portugal,2.896
Moscovskiy Oblastnoi Bank,Russia,0.363
Rexel,France,5.288
Axis Capital Holdings,Bermuda,5.696
Bank of Kyoto,Japan,2.716
Hachijuni Bank,Japan,2.726
Guangdong Investment,Hong Kong,9.385
Chugoku Bank,Japan,2.746
77 Bank,Japan,1.565
STRABAG,Austria,3.849
SBI Holdings,Japan,2.862
Vietin Bank,Vietnam,2.958
GPT Group,Australia,7.008
Shandong Gold Mining,China,9.723
Jabil Circuit,United States,5.235
Sears Holdings,United States,1.215
Smiths Group,United Kingdom,8.007
Eurobank Ergasias,Greece,1.358
Tsinghua Tongfang,China,6.462
BPER Banca,Italy,2.338
China Jinmao,Hong Kong,3.516
Vertex Pharmaceuticals,United States,28.789
Dixons Carphone,United Kingdom,4.475
Incyte,United States,28.557
President Chain Store,Taiwan,8.759
New Residential Investment,United States,5.222
Deutsche Pfandbriefbank,Germany,1.675
MAp,Australia,11.573
BorgWarner,United States,8.095
Chimera Investment,United States,3.79
ProSiebenSat1 Media,Germany,9.916
Shanghai Lujianzi,China,9.587
Tosoh,Japan,5.635
Dana Holding,United States,2.611
Joint Stock Commercial Bank for Foreign Trade of Vietnam,Vietnam,5.843
SL Green Realty,United States,10.823
Beijing Shougang,China,6.287
Sysmex,Japan,12.859
Want Want China,China,9.051
WellCare Health Plans,United States,6.333
Catcher Technology,Taiwan,7.572
Central Bank of India,India,3.035
Iyo Bank,Japan,2.084
Mettler-Toledo International,United States,12.51
New Hope Liuhe,China,4.956
Wistron,Taiwan,2.336
American Equity Investment,United States,2.086
Cnpc Capital,China,25.681
Michael Kors Holdings,United Kingdom,6.1
Ternium,Luxembourg,5.137
Israel Discount Bank,Israel,2.794
Signet Jewelers,Bermuda,4.745
Empire,Canada,4.096
PacWest Bancorp,United States,6.324
Techtronic Industries,Hong Kong,7.619
Tokyu Fudosan,Japan,3.326
Hengan International Group,China,9.211
Moody's,United States,21.639
Juroku Bank,Japan,1.171
AU Optronics,Taiwan,3.819
Commercial Bank For Investment & Development Of Vietnam,Vietnam,2.58
Shaw Communications,Canada,10.115
Haseko,Japan,3.125
Bureau Veritas Registre International de Classific,France,9.38
DSME,South Korea,1.08
CST Brands,United States,3.654
Molina Healthcare,United States,2.65
Brilliance China Automotive Holdings,Hong Kong,8.432
Toho Bank,Japan,0.912
Cattolica Assicurazioni,Italy,1.386
EQT,United States,10.92
Snap,United States,24.413
Tongyang Life Insurance,South Korea,0.945
Samsung Heavy Industries,South Korea,3.386
SinoPac Financial,Taiwan,3.288
INTL FCStone,United States,0.681
Commercial International Bank,Egypt,4.999
Cybg,United Kingdom,3.096
Orient,Japan,3.041
Wynn Resorts,United States,11.907
Hopson Development Holdings,Hong Kong,2.122
JTEKT,Japan,5.265
Nippon Paint,Japan,11.556
Calpine,United States,3.801
BayWa,Germany,1.14
Migdal Insurance,Israel,1.025
Changjiang Securities,China,8.071
Aareal Bank,Germany,2.206
Kansas City Southern,United States,9.308
Dufry,Switzerland,8.012
Interconexion Electrica,Colombia,4.508
San-In Godo Bank,Japan,1.208
Nanto Bank,Japan,0.967
Li & Fung,Hong Kong,3.607
Lupin,India,9.918
Encana,Canada,11.3
City Developments,Singapore,6.705
WPG Holdings,Taiwan,2.17
KWG Property Holding,Hong Kong,2.264
Huntsman,United States,5.914
Sino Land,Hong Kong,5.203
Bohai Financial Investment Holding,China,6.428
Tokyo TY Financial Group,Japan,0.853
Nippon Steel Trading,Japan,1.27
Bank of Greece,Greece,0.24
Performance Food Group,United States,2.411
Ogaki Kyoritsu Bank,Japan,1.166
Hyakugo Bank,Japan,0.994
Daishi Bank,Japan,1.275
Senshu Ikeda Holdings,Japan,1.149
Supervalu,United States,0.996
Nasdaq,United States,11.542
CPFL Energia,Brazil,8.399
Severn Trent,United Kingdom,7.019
PBF Energy,United States,2.274
Crown Resorts,Australia,6.454
Mirae Asset Daewoo,South Korea,5.124
SK Networks,South Korea,1.742
Shiga Bank,Japan,1.335
Banco de Chile,Chile,4.484
Showa Shell Sekiyu,Japan,3.779
Turkcell,Turkey,7.054
Syndicate Bank,India,0.985
Affiliated Managers Group,United States,9.102
Vipshop Holdings,China,6.75
Isetan Mitsukoshi Holdings,Japan,4.21
Taiwan Business Bank,Taiwan,1.643
CalAtlantic Group,United States,4.281
Waste Connections,Canada,15.403
NÃ¼rnberger,Germany,0.837
KION Group,Germany,7.094
International Flavors & Fragrances,United States,10.444
China National Materials,China,1.273
Prada,Italy,11.427
Indorama Ventures,Thailand,4.905
Korea Zinc,South Korea,6.543
Nomura Research Institute,Japan,8.987
Tingyi Holding,China,7.617
Tenneco,United States,3.188
Cullen/Frost Bankers,United States,5.678
First Pacific,Hong Kong,3.284
Logan Property Holdings,China,3.112
DGB Financial Group,South Korea,1.692
Shanghai Fosun Pharmaceutical (group),China,9.822
Central Puerto,Argentina,20.23
Xishui Strong Year Ltd. Inner Mongolia,China,2.399
China Mengniu Dairy,Hong Kong,7.709
Securitas,Sweden,5.775
AmBank Group,Malaysia,3.296
Ningbo Port,China,10.769
Penn Virginia,United States,0.732
Chongqing New Century Cruise,China,19.971
Jacobs Engineering,United States,6.6
Red Star Macalline Group,China,4.053
Virgin Money Holdings,United Kingdom,1.667
Mattel,United States,8.535
Credit Saison,Japan,3.266
Mirvac Group,Australia,6.317
Hyakujushi Bank,Japan,0.961
GameStop,United States,2.192
Asian Paints,India,16.142
Frasers Centrepoint,Singapore,3.698
Xiamen Xiangyu,China,1.924
Credito Emiliano,Italy,2.232
Remgro,South Africa,8.379
Core-Mark Holding Company,United States,1.429
Kiyo Bank,Japan,1.008
SYNNEX,United States,4.17
Shenzhou International Group Holdings,China,9.075
Damac Properties,United Arab Emirates,4.744
Aboitiz Equity Ventures,Philippines,8.381
HD Supply Holdings,United States,8.077
RioCan Real Estate Investment Trust,Canada,6.4
Emera,Canada,7.429
Grupo Zuliano,Venezuela,0.072
InterContinental Hotels,United Kingdom,9.649
Impulsora del Desarrollo y el Empleo en America Latina SAB Class B,Mexico,4.929
Accor,France,12.081
Liberbank,Spain,1.148
Bandai Namco Holdings,Japan,6.477
Zenith Bank,Nigeria,1.479
Fullshare Holdings,Hong Kong,8.582
Hologic,United States,11.94
Keiyo Bank,Japan,1.116
Banque Centrale Populaire,Morocco,4.701
Owens Corning,United States,6.794
Autodesk,United States,18.726
Yonghui Superstores,China,7.977
Banca Popolare di Sondrio,Italy,1.548
VeriSign,United States,8.929
Antofagasta,United Kingdom,10.616
Fuyao Glass Industry Group,China,8.41
Bank of Queensland,Australia,3.491
Angang Steel,China,5.289
Kingboard Chemical Holdings,Hong Kong,4.009
Wanhua Chemical Group,China,9.524
Habib Bank,Pakistan,3.74
Umicore,Belgium,6.048
Popular,Puerto Rico,4.161
Chesapeake Energy,United States,5.63
Golden Agri-Resources,Singapore,3.315
Far Eastern New Century,Taiwan,4.544
Musashino Bank,Japan,0.952
JB Financial Group,South Korea,0.799
Basler Kantonalbank,Switzerland,3.009
Indian Overseas Bank,India,1.04
Bid Corp.,South Africa,6.664
Marine Harvest ASA,Norway,7.007
Nippon Paper Industries,Japan,2.091
TAQA,United Arab Emirates,0.941
United Aircraft,Russia,4.423
Inventec,Taiwan,2.566
Bluescope Steel,Australia,5.126
Hanwa,Japan,1.441
Makita,Japan,9.524
China Railway Signal & Communication,China,7.251
Shanghai Industrial Holdings,Hong Kong,3.307
Xiamen International Trade Group,China,2.179
Hokkoku Bank,Japan,1.075
Dali Foods Group,China,8.019
Commercial Bank of Qatar,Qatar,3.353
Industrias PeÃ±oles,Mexico,10.365
Allahabad Bank,India,0.838
Avery Dennison,United States,7.113
Merlin Properties SOCIMI S.A,Spain,5.426
Petro Rabigh,Saudi Arabia,3.02
Phosagro,Russia,5.502
UCO Bank,India,0.905
China Molybdenum,China,10.996
NH Investment & Securities,South Korea,2.991
Japan Securities,Japan,0.514
Corporation Bank,India,0.98
Public Power,Greece,0.754
Tongling Nonferrous Metals,China,4.928
Zhongsheng Group Holdings,China,3.083
Alawwal Bank,Saudi Arabia,3.35
Oriental Bank of Commerce,India,0.769
Paramount Res,Canada,1.407
Toyota Boshoku,Japan,4.046
JC Penney,United States,1.796
Spectrum Brands Holdings,United States,8.145
G4S,United Kingdom,5.957
Jabal Omar Development,Saudi Arabia,16.866
Guoco Group,Hong Kong,3.811
Two Harbors Investment,United States,3.36
Beijing Capital Development,China,4.857
Hellenic Petroleum,Greece,1.723
Enka,Turkey,6.806
Jilin Jiutai Rural Commercial Bank,China,2.687
Innolux,Taiwan,4.241
Luzerner Kantonalbank,Switzerland,3.603
China Resources Gas Group,Hong Kong,7.957
First Quantum Minerals,Canada,7.367
ST Engineering,Singapore,8.048
Delek Group,Israel,2.793
Lanxess,Germany,6.248
Extra Space Storage,United States,9.83
Financial Street Holdings,China,4.952
Burberry Group,United Kingdom,9.632
Petronas Gas,Malaysia,8.789
Workday,United States,16.587
GS Engineering,South Korea,1.95
Hokkaido Electric Power,Japan,1.511
Lonza Group,Switzerland,10.931
FIBI Holdings,Israel,0.732
GEA Group,Germany,8.591
Mid-america Apartment Communities,United States,11.574
Vietnam Dairy Products,Vietnam,9.134
Sumitomo Rubber,Japan,4.475
Areva,France,1.725
Leidos,United States,7.619
Reliance Steel,United States,5.795
Kroton Educacional,Brazil,7.062
Laurentian Bank,Canada,1.487
Babcock International Group,United Kingdom,5.529
Fabege AB,Sweden,2.689
First Citizens BancShares,United States,3.947
Hella Kgaa Hueck &,Germany,4.918
BOK Financial,United States,5.005
Jazz Pharmaceuticals,Ireland,9.187
Toho Holdings,Japan,1.636
Microchip Technology,United States,16.029
Shanghai International Airport,China,8.575
Atmos Energy,United States,8.435
Amdocs,United States,8.961
Kuwait Projects,Kuwait,2.108
China Aviation Oil,Singapore,1.006
Hakuhodo DY Holdings,Japan,4.425
MMI Holdings,South Africa,2.457
Chinese Estates,Hong Kong,2.966
TP ICAP,United Kingdom,3.081
Technipfmc,United Kingdom,15.631
Murphy USA,United States,2.716
Bank of Nagoya,Japan,0.669
Emirates Integrated Telecom,United Arab Emirates,7.455
St Galler Kantonalbank,Switzerland,2.301
Ares Capital,United States,7.492
Aroundtown Property Holdings,Germany,3.351
GOME Electrical Appliances Holding,Hong Kong,3.082
Greentown China Holdings,China,2.135
Jiangsu Expressway,China,7.197
Premier,United States,4.487
China Agri-Industries,Hong Kong,2.703
Pou Chen,Taiwan,4.133
Aldar Properties,United Arab Emirates,4.881
Tomony Holdings,Japan,0.809
Vereit,United States,8.466
BioMarin Pharmaceutical,United States,15.204
Steel Authority of India,India,4.271
Doha Bank,Qatar,2.23
Jaccs,Japan,0.703
Indiabulls Housing Finance,India,6.307
Red Hat,United States,15.138
Korea Investment Holdings,South Korea,2.44
Indian Bank,India,2.024
Kesko,Finland,4.499
Minato Bank,Japan,0.734
Andhra Bank,India,0.616
US Steel,United States,5.908
Verbund,Austria,6.084
Saudi Investment Bank,Saudi Arabia,2.598
BMCE Bank,Morocco,3.525
NH Foods,Japan,5.565
Thomas Cook Group,United Kingdom,1.601
Manila Electric,Philippines,6.256
Arab Banking,Bahrain,1.088
Synovus Financial,United States,4.971
Western Union,United States,9.22
Pearson,United Kingdom,6.519
Banca IFIS,Italy,2.071
Motherson Sumi Systems,India,8.273
SBA Communications,United States,14.662
Advanced Micro Devices,United States,12.728
HBC,Canada,1.457
Total System Services,United States,9.659
Sinopec Oilfield Service,China,7.037
Westar Energy,United States,7.716
Group 1 Automotive,United States,1.42
Dollarama,Canada,9.738
Shanghai RAAS Blood Products,China,14.452
Associated Banc-Corp,United States,3.605
DVB Bank,Germany,1.167
RenaissanceRe Holdings,Bermuda,5.747
Global Payments,United States,11.884
Commerce Bancshares,United States,5.643
ServiceNow,United States,14.28
Samsung SDI,South Korea,8.513
China Great Wall Computer,China,4.374
Tian An China Investments,Hong Kong,1.229
HollyFrontier,United States,4.738
Dah Sing Financial Holdings,Hong Kong,2.564
Nanya Technology,Taiwan,4.307
Shanxi Taigang Stainless,China,4.087
First Horizon National,United States,4.295
Brother Industries,Japan,5.184
Chicago Bridge & Iron,Netherlands,3.056
Belle International Holdings,Hong Kong,5.406
F5 Networks,United States,8.878
Valspar,United States,8.837
DKSH Holding,Switzerland,5.085
Grupo Galicia,Argentina,5.134
Bank of Iwate,Japan,0.721
Konica Minolta Business Solutions,Japan,4.281
Synnex Technology Intl,Taiwan,1.803
Eurazeo,France,4.513
Bankunited,United States,3.867
Barry Callebaut,Switzerland,7.262
Inchcape,United Kingdom,4.359
Yamanashi Chuo Bank,Japan,0.739
Guangxi Guiguan Electric Power,China,6
Live Nation Entertainment,United States,6.351
Shaanxi Coal Industry,China,9.031
Aurubis,Germany,3.051
BEKB-BCBE,Switzerland,1.689
Fastighets Balder,Sweden,3.838
Akamai Technologies,United States,10.087
Oita Bank,Japan,0.595
Tech Mahindra,India,6.723